id,code,timestamp,importDate,branch,supplierName,supplierCode,totalQuantity,grossAmount,itemsDiscountTotal,totalAmount,discount,discountValue,discountType,vatAmount,paidAmount,netPayable,status,note,expectedDate,creator,creatorRole,importer,approvedBy,approvedAt,createdAt,updatedAt
cf7511af-ec00-48e9-b01b-7df21dcad524,PNH181905,11:51:55 14/8/2026,2026-08-14 11:51,379b Tôn Đức Thắng,betagen,NCC000058,2,0,0,0,0,0,vnd,,0,0,completed,,,Lệ Quyên,Trưởng cửa hàng,Lệ Quyên,Hai,12:50:35 14/8/2026,2026-08-14T04:51:55.663Z,2026-08-14T05:50:35.467Z
f9ffed10-d378-421a-b9eb-a293c96b5085,PNH438635,11:51:19 14/8/2026,2026-08-14 11:49,379b Tôn Đức Thắng,betagen,NCC000058,24,"382000,08",0,"382000,08",30000,30000,vnd,,"352000,08","352000,08",completed,,,Lệ Quyên,Trưởng cửa hàng,Lệ Quyên,Hai,12:50:27 14/8/2026,2026-08-14T04:51:20.305Z,2026-08-14T05:50:27.380Z
4ba6e272-8f49-49d6-89b5-6a24dc5502d1,PNH230321,10:55:48 14/8/2026,2026-08-14 09:23,379b Tôn Đức Thắng,betagen,NCC000058,216,"2864805,96",335845,"2528960,96",202,"202,318",vnd,,"2528758,96","2528758,96",completed,"Cộng với thuế 202,318 
tổng tiền phải trả là 2.731.287",,Lệ Quyên,Trưởng cửa hàng,Lệ Quyên,Hai,12:50:31 14/8/2026,2026-08-14T03:55:50.174Z,2026-08-14T05:50:31.208Z
5cc519c3-efae-4b11-9303-5a2dc00def4c,PNH717361,15:01:37 13/8/2026,2026-08-13 14:54,379b Tôn Đức Thắng,abc,NCC000001,194,1351608,0,1351608,0,0,vnd,,1351608,1351608,completed,,,Diễm Quỳnh,Nhân viên bán hàng,Diễm Quỳnh,Hai,15:08:17 13/8/2026,2026-08-13T08:01:41.563Z,2026-08-13T08:08:17.368Z
2f74bd21-10ff-45bc-8625-de62134be1a3,PNH354916,14:34:55 13/8/2026,2026-08-13 14:26,379b Tôn Đức Thắng,abc,NCC000001,74,824000,0,824000,0,0,vnd,,824000,824000,completed,,,Diễm Quỳnh,Nhân viên bán hàng,Diễm Quỳnh,Hai,14:36:16 13/8/2026,2026-08-13T07:35:00.129Z,2026-08-13T07:36:16.623Z
6e71973b-fdd0-4e51-b007-88df324bb42e,PNH921691,14:14:49 13/8/2026,2026-08-13 14:14,379b Tôn Đức Thắng,abc,NCC000001,22,440000,0,440000,0,0,vnd,,440000,440000,completed,,,Diễm Quỳnh,Nhân viên bán hàng,Diễm Quỳnh,Admin,20:32:05 13/8/2026,2026-08-13T07:14:53.385Z,2026-08-13T13:32:07.161Z
efc36d76-9618-4dbf-8fed-a03475f82118,PNH945778,14:12:15 13/8/2026,2026-08-13 13:45,379b Tôn Đức Thắng,abc,NCC000001,387,6360000,0,6360000,0,0,vnd,,6360000,6360000,completed,,,Diễm Quỳnh,Nhân viên bán hàng,Diễm Quỳnh,Admin,20:31:32 13/8/2026,2026-08-13T07:12:19.756Z,2026-08-13T13:31:34.232Z
3912e486-9d11-4aab-8248-9c47f09548d1,PNH866456,18:38:42 12/8/2026,2026-08-12 17:37,379b Tôn Đức Thắng,Trung Giang,NCC000006,312,"3231969,187",0,"3231969,187",0,0,vnd,,"3231969,187","3231969,187",completed,,,Trọng Khánh,Nhân viên bán hàng,Trọng Khánh,Admin,13:04:46 15/8/2026,2026-08-12T11:38:48.638Z,2026-08-15T06:04:46.869Z
b892e01e-a487-4f5e-8c87-3678bb7a1912,PNH417589,15:48:15 12/8/2026,2026-08-12 15:44,379b Tôn Đức Thắng,Hoàng Đức Hải,NCC000050,120,"884008,08",0,"884008,08",0,0,vnd,,"884008,08","884008,08",completed,,,Diễm Quỳnh,Nhân viên bán hàng,Diễm Quỳnh,Admin,13:05:23 15/8/2026,2026-08-12T08:48:21.295Z,2026-08-15T06:05:23.488Z
b08e2012-0a9c-4570-a0eb-131293e0b4bb,PNH840021,12:33:22 12/8/2026,2026-08-12 12:22,379b Tôn Đức Thắng,Long Nhiên,NCC000049,204,2151048,0,2151048,0,0,vnd,,2151048,2151048,completed,,,Diễm Quỳnh,Nhân viên bán hàng,Diễm Quỳnh,Admin,20:31:54 13/8/2026,2026-08-12T05:33:27.690Z,2026-08-13T13:31:57.016Z
8c6b6c3f-b575-4eab-ad1b-4cdae47ad272,PNH563937,16:01:15 11/8/2026,2026-08-11 15:58,379b Tôn Đức Thắng,2mart,NCC000044,54,"561999,9998",0,"561999,9998",0,0,vnd,,"561999,9998","561999,9998",completed,,,Lệ Quyên,Trưởng cửa hàng,Lệ Quyên,Admin,13:05:28 15/8/2026,2026-08-11T09:01:18.660Z,2026-08-15T06:05:28.217Z
611cf20c-78e9-4dc3-9336-54a082ec38fd,PNH983334,15:57:44 11/8/2026,2026-08-11 15:52,379b Tôn Đức Thắng,betagen,NCC000058,54,"561999,9998",0,"561999,9998",0,0,vnd,,"561999,9998","561999,9998",completed,,,Lệ Quyên,Trưởng cửa hàng,Lệ Quyên,Admin,13:05:19 15/8/2026,2026-08-11T08:57:46.930Z,2026-08-15T06:05:19.691Z
9200d2c2-90eb-4051-b230-6cb34db9f193,PNH884619,15:52:30 11/8/2026,2026-08-11 15:49,379b Tôn Đức Thắng,betagen,NCC000058,4,0,0,0,0,0,vnd,,0,0,completed,,,Lệ Quyên,Trưởng cửa hàng,Lệ Quyên,Admin,19:50:26 13/8/2026,2026-08-11T08:52:34.015Z,2026-08-13T12:50:27.322Z
0f0e3b2d-fd88-449c-ad5a-108bd4403911,PNH568638,20:01:56 10/8/2026,2026-08-10 19:28,379b Tôn Đức Thắng,2mart,NCC000044,120,1114000,0,1114000,7000,7000,vnd,,1107000,1107000,completed,,,Thanh Ngân,Nhân viên bán hàng,Thanh Ngân,Hai,22:02:42 10/8/2026,2026-08-10T13:01:58.144Z,2026-08-10T15:02:42.736Z
13259262-ba72-497a-b528-4966f17db5ae,PNH529967,19:24:43 10/8/2026,2026-08-10 18:55,379b Tôn Đức Thắng,2mart,NCC000044,120,"927187,008",0,"927187,008",7000,7000,vnd,,"920187,008","920187,008",completed,,,Thanh Ngân,Nhân viên bán hàng,Thanh Ngân,Admin,13:05:09 15/8/2026,2026-08-10T12:24:44.803Z,2026-08-15T06:05:09.143Z
250a846f-143d-487f-bff6-3930dcba5359,PNH488759,12:19:06 9/8/2026,2026-08-09 12:11,379b Tôn Đức Thắng,Kido's Bakery,NCC000002,54,465000,0,465000,0,0,vnd,,465000,465000,completed,,,Mỹ Hà,Nhân viên bán hàng,Mỹ Hà,Hai,12:44:03 9/8/2026,2026-08-09T05:19:12.245Z,2026-08-09T05:44:03.287Z
b438fa21-2e31-493e-8143-40524d2e107d,PNH726842,17:47:13 8/8/2026,2026-08-08 17:24,379b Tôn Đức Thắng,Trung Giang,NCC000006,312,"2136499,12",0,"2136499,12",0,0,vnd,,"2136499,12","2136499,12",completed,,,Lệ Quyên,Nhân viên,Lệ Quyên,tagiadecor,17:50:32 8/8/2026,2026-08-08T10:47:16.303Z,2026-08-08T10:50:32.044Z
57d434ec-d1d8-4450-9ffd-5636ca32064e,PNH104978,12:16:35 8/8/2026,2026-08-08 12:15,379b Tôn Đức Thắng,2mart,NCC000044,20,146000,0,146000,0,0,vnd,,146000,146000,completed,,,Thanh Ngân,Nhân viên,Thanh Ngân,Hai,13:26:44 8/8/2026,2026-08-08T05:16:36.844Z,2026-08-08T06:26:44.444Z
0aeb0585-b61f-4fab-89dc-947f3ebff020,PNH512081,12:11:07 8/8/2026,2026-08-08 11:51,379b Tôn Đức Thắng,2mart,NCC000044,270,2013000,0,2013000,0,0,vnd,,2013000,2013000,completed,,,Thanh Ngân,Nhân viên,Thanh Ngân,tagiadecor,12:38:06 8/8/2026,2026-08-08T05:11:09.585Z,2026-08-08T05:38:06.337Z
635ccf47-7926-49f8-9fbb-63bcf702ca98,PNH952017,19:24:42 7/8/2026,2026-08-07 19:23,379b Tôn Đức Thắng,betagen,NCC000058,10,21000,0,21000,0,0,vnd,,21000,21000,completed,,,Admin,Quản lý hệ thống,Admin,Hai,19:25:58 7/8/2026,2026-08-07T12:24:42.501Z,2026-08-07T12:25:58.921Z
ed3aa82a-dae7-4ad2-8e34-d90ee70c0c29,PNH956699,19:12:04 7/8/2026,2026-08-07 19:11,379b Tôn Đức Thắng,betagen,NCC000058,10,21000,0,21000,0,0,vnd,,21000,21000,COMPLETED,,,Admin,Quản lý hệ thống,Admin,Hai,19:12:24 7/8/2026,2026-08-07T12:12:04.706Z,2026-08-07T12:12:24.381Z
ea34dda7-1fd4-4038-8752-28fc1b51276b,PNH419470,19:24:08 6/8/2026,2026-08-06 19:21,379b Tôn Đức Thắng,betagen,NCC000058,12,216000,0,216000,0,0,vnd,,216000,216000,completed,,,Thanh Ngân,Nhân viên,Thanh Ngân,Admin,19:11:31 7/8/2026,2026-08-06T12:24:10.472Z,2026-08-07T12:11:31.638Z
4ddf7e74-b944-47cb-a193-3362c6313a43,PNH774844,10:05:37 5/8/2026,2026-08-05 09:54,379b Tôn Đức Thắng,betagen,NCC000058,150,1115000,0,1115000,0,0,vnd,,1115000,1115000,completed,,,Lan Nhi,Nhân viên,Lan Nhi,Admin,13:05:00 15/8/2026,2026-08-05T03:05:41.786Z,2026-08-15T06:05:00.662Z
2703f31e-9574-4265-b432-84d502a48921,PNH117915,18:25:59 4/8/2026,2026-08-04 18:23,379b Tôn Đức Thắng,betagen,NCC000058,36,648000,0,648000,0,0,vnd,,648000,648000,completed,,,Trọng Khánh,Nhân viên,Trọng Khánh,Admin,05:07:18 5/8/2026,2026-08-04T11:26:00.794Z,2026-08-04T22:07:18.579Z
2e19bcf7-9946-484f-9c0a-cd05a2779155,PNH293319,18:16:51 4/8/2026,2026-08-04 18:10,285 Nguyễn Lương Bằng,betagen,NCC000058,24,432000,0,432000,0,0,vnd,,432000,432000,completed,,,Nguyễn Uyên,Nhân viên,Nguyễn Uyên,Admin,05:06:18 5/8/2026,2026-08-04T11:16:53.303Z,2026-08-04T22:06:18.911Z
a94eacaa-6c42-4066-8212-979576dd38a7,PNH457341,14:21:33 4/8/2026,2026-08-04 14:17,379b Tôn Đức Thắng,2mart,NCC000044,120,825000,0,825000,0,0,vnd,,825000,825000,completed,,,Lan Nhi,Nhân viên,Lan Nhi,Admin,05:06:51 5/8/2026,2026-08-04T07:21:35.106Z,2026-08-04T22:06:51.918Z
9917c8cd-ae0a-4ea8-82c0-cbcab950d862,PNH650490,15:49:59 3/8/2026,2026-08-03 15:49,379b Tôn Đức Thắng,betagen,NCC000058,30,246000,0,246000,0,0,vnd,,246000,246000,completed,,,Lệ Quyên,Nhân viên,Lệ Quyên,Admin,21:20:06 3/8/2026,2026-08-03T08:50:01.879Z,2026-08-03T14:20:06.374Z
c23de3dd-f9d6-4d1a-9f00-6c5c308e3dd1,PNH446144,15:19:17 1/8/2026,2026-08-01 14:55,379b Tôn Đức Thắng,betagen,NCC000058,208,1120400,0,1120400,0,0,vnd,,1120400,1120400,completed,,,Diễm Quỳnh,Nhân viên,Diễm Quỳnh,Admin,21:20:15 3/8/2026,2026-08-01T08:19:16.866Z,2026-08-03T14:20:15.758Z
e0918bd3-e5f0-4c9a-a207-91e784919fa7,PNH189508,15:19:15 1/8/2026,2026-08-01 14:55,379b Tôn Đức Thắng,betagen,NCC000058,208,1120400,0,1120400,0,0,vnd,,1120400,1120400,completed,,,Diễm Quỳnh,Nhân viên,Diễm Quỳnh,Admin,21:19:56 3/8/2026,2026-08-01T08:19:16.866Z,2026-08-03T14:19:57.248Z
44e87cf7-72db-45b7-9b51-a589554123c9,PNH670300,11:01:41 31/7/2026,2026-07-31 10:53,379b Tôn Đức Thắng,betagen,NCC000058,158,1480022,0,1480022,0,0,vnd,,1480022,1480022,completed,,,Lệ Quyên,Nhân viên,Lệ Quyên,Admin,11:04:34 31/7/2026,2026-07-31T04:01:42.676Z,2026-07-31T04:04:34.187Z